<Patch>
	<Operation Class="PatchOperationReplace">
		<success>Normal</success>
		<xpath>Defs/ThingDef[defName="TrapSpike"]/building/trapDestroyOnSpring</xpath>
		<value>
			<trapDestroyOnSpring>
				false
			</trapDestroyOnSpring>
		</value>
	</Operation>
	<Operation Class="PatchOperationReplace">
		<success>Normal</success>
		<xpath>Defs/ThingDef[defName="TrapSpike"]/thingClass</xpath>
		<value>
			<thingClass>RimDungeon.Trap_Spring</thingClass>
		</value>
	</Operation>
	<Operation Class="PatchOperationReplace">
		<success>Normal</success>
		<xpath>Defs/ThingDef[defName="TrapSpike"]/statBases/TrapMeleeDamage</xpath>
		<value>
			<TrapMeleeDamage>50</TrapMeleeDamage>
		</value>
	</Operation>
	<Operation Class="PatchOperationAdd">
		<success>Normal</success>
		<xpath>Defs/ThingDef[defName="TrapSpike"]/building</xpath>
		<value>
			<trapUnarmedGraphicData>
				<texPath>Things/Building/Traps/TrapSpike_Unarmed</texPath>
				<graphicClass>Graphic_Single</graphicClass>
			</trapUnarmedGraphicData>
		</value>
	</Operation>
	<Operation Class="PatchOperationAdd">
		<success>Normal</success>
		<xpath>Defs/ThingDef[defName="TrapSpike"]</xpath>
		<value>
			<researchPrerequisites>
				<li>AdvancedTraps</li>
			</researchPrerequisites>
		</value>
	</Operation>
	<Operation Class="PatchOperationAddModExtension">
		<success>Normal</success>
		<xpath>Defs/ThingDef[defName="TrapSpike"]</xpath>
		<value>
			<li Class="RimDungeon.Trap_Def">
				<numberOfAttacks>2</numberOfAttacks>
				<rearmable>true</rearmable>
			</li>
		</value>
	</Operation>
</Patch>