<Defs>
	<ThingDef Name="BaseDungeonTrap" ParentName="BuildingBase" Abstract="True">
		<thingClass>RimDungeon.Trap_Spring</thingClass>
		<graphicData>
			<graphicClass>Graphic_Single</graphicClass>
			<damageData>
				<rect>(0,0,1,0.15)</rect>
			</damageData>
		</graphicData>
		<altitudeLayer>Building</altitudeLayer>
		<drawerType>RealtimeOnly</drawerType>
		<rotatable>false</rotatable>
		<tickerType>Normal</tickerType>
		<stealable>false</stealable>
		<leaveResourcesWhenKilled>false</leaveResourcesWhenKilled>
		<statBases>
			<Mass>2.5</Mass>
			<Beauty>-18</Beauty>
			<Cleanliness>-5</Cleanliness>
		</statBases>
		<designationCategory>Security</designationCategory>
		<building>
			<isTrap>true</isTrap>
			<expandHomeArea>false</expandHomeArea>
			<ai_chillDestination>false</ai_chillDestination>
		</building>
	</ThingDef>
</Defs>