<Defs>
 <DesignationDef>
		<defName>RearmTrap</defName>
		<texturePath>UI/Designators/RearmTrap</texturePath>
		<targetType>Thing</targetType>
	</DesignationDef>
    
  <DesignationCategoryDef>
    <defName>Security</defName>
    <label>security</label>
    <order>300</order>
    <specialDesignatorClasses>
      <li>RimDungeon.Designator_RearmTrap</li>
    </specialDesignatorClasses>
  </DesignationCategoryDef>

  
   <JobDef>
    <defName>RearmTrapJob</defName>
    <driverClass>RimDungeon.JobDriver_RearmTrap</driverClass>
    <reportString>rearming Target.</reportString>
  </JobDef>
  
  <WorkGiverDef>
    <defName>RearmTraps</defName>
    <label>rearm traps</label>
    <giverClass>RimDungeon.WorkGiver_RearmTraps</giverClass>
    <workType>Rearm</workType>
    <verb>rearm</verb>
    <gerund>rearming</gerund>
    <priorityInType>50</priorityInType>
    <requiredCapacities>
      <li>Manipulation</li>
    </requiredCapacities>
  </WorkGiverDef>
  
  <WorkTypeDef>
		<defName>Rearm</defName>
		<labelShort>Rearm</labelShort>
		<pawnLabel>Rearmer</pawnLabel>
		<gerundLabel>Rearming trap</gerundLabel>
		<description>Rearm used traps</description>
		<verb>Rearm</verb>
		<naturalPriority>1125</naturalPriority>
		<alwaysStartActive>true</alwaysStartActive>
	</WorkTypeDef>

</Defs>