<Defs>
	<ResearchProjectDef>
		<defName>PrimitiveTraps</defName>
		<label>primitive traps</label>
		<tab>RimDungeonTraps</tab>
		<description>Make primitive traps, useful against early attacks.</description>
		<baseCost>200</baseCost>
		<techLevel>Neolithic</techLevel>
		<researchViewX>0.00</researchViewX>
		<researchViewY>0.00</researchViewY>
	</ResearchProjectDef>
	
	<ResearchProjectDef>
		<defName>AnimalTraps</defName>
		<label>animal traps</label>
		<tab>RimDungeonTraps</tab>
		<description>Allows creation of anti-animal traps. The Thrumbo shall be ours!</description>
		<baseCost>200</baseCost>
		<techLevel>Neolithic</techLevel>
		<researchViewX>0.00</researchViewX>
		<researchViewY>0.70</researchViewY>
	</ResearchProjectDef>
	
	<ResearchProjectDef>
		<defName>AdvancedTraps</defName>
		<label>advanced traps</label>
		<tab>RimDungeonTraps</tab>
		<description>A much more advanced traps, requiring a great deal of knowledge and skill to set up correctly.</description>
		<baseCost>1000</baseCost>
		<techLevel>Medieval</techLevel>
		<researchViewX>1.00</researchViewX>
		<researchViewY>0.35</researchViewY>
		<prerequisites>
			<li>PrimitiveTraps</li>
			<li>AnimalTraps</li>
		</prerequisites>
	</ResearchProjectDef>
</Defs>